PRESIDENTIAL ,PRESIDENT,240716,1
PRESIDENTIAL ,VICE PRESIDENT,184171,1
ACADEMIC,FULL PROFESSOR,140068,1
ACADEMIC,FULL PROFESSOR,148055,2
ACADEMIC,FULL PROFESSOR,156042,3
ACADEMIC,FULL PROFESSOR,164028,4
ACADEMIC,FULL PROFESSOR,172016,5
ACADEMIC,FULL PROFESSOR,177078,6
ACADEMIC,PROFESSOR,101447,1
ACADEMIC,PROFESSOR,108276,2
ACADEMIC,PROFESSOR,115107,3
ACADEMIC,PROFESSOR,121935,4
ACADEMIC,PROFESSOR,128770,5
ACADEMIC,PROFESSOR,135598,6
ACADEMIC,ASSOCIATE PROFESSOR A,87548,1
ACADEMIC,ASSOCIATE PROFESSOR A,91018,2
ACADEMIC,ASSOCIATE PROFESSOR A,94492,3
ACADEMIC,ASSOCIATE PROFESSOR A,97988,4
ACADEMIC,ASSOCIATE PROFESSOR A,101461,5
ACADEMIC,ASSOCIATE PROFESSOR A,104948,6
ACADEMIC,ASSOCIATE PROFESSOR A,108430,7
ACADEMIC,ASSOCIATE PROFESSOR A,111916,8
ACADEMIC,ASSOCIATE PROFESSOR A,115395,9
ACADEMIC,ASSOCIATE PROFESSOR B,620269,1
ACADEMIC,ASSOCIATE PROFESSOR B,73093,2
ACADEMIC,ASSOCIATE PROFESSOR B,77006,3
ACADEMIC,ASSOCIATE PROFESSOR B,79703,4
ACADEMIC,ASSOCIATE PROFESSOR B,83634,5
ACADEMIC,ASSOCIATE PROFESSOR B,87604,6
ACADEMIC,ASSOCIATE PROFESSOR B,91563,7
ACADEMIC,ASSOCIATE PROFESSOR B,95514,8
ACADEMIC,ASSOCIATE PROFESSOR B,99471,9
ACADEMIC,ASSISTANT PROFESSOR,46955,1
ACADEMIC,ASSISTANT PROFESSOR,49543,2
ACADEMIC,ASSISTANT PROFESSOR,51676,3
ACADEMIC,ASSISTANT PROFESSOR,53644,4
ACADEMIC,ASSISTANT PROFESSOR,55689,5
ACADEMIC,ASSISTANT PROFESSOR,57323,6
ACADEMIC,ASSISTANT PROFESSOR,58990,7
ACADEMIC,ASSISTANT PROFESSOR,60654,8
ACADEMIC,ASSISTANT PROFESSOR,62314,9
ACADEMIC,ASSISTANT PROFESSOR,63965,10
ACADEMIC,TEACHING ASSISTANT,37010,1
ACADEMIC,TEACHING ASSISTANT,40061,2
ADMINISTRATIVE,SENIOR ADMINISTRATIVE OFFICER 3,106800,1
ADMINISTRATIVE,SENIOR ADMINISTRATIVE OFFICER 3,113990,2
ADMINISTRATIVE,SENIOR ADMINISTRATIVE OFFICER 3,121181,3
ADMINISTRATIVE,SENIOR ADMINISTRATIVE OFFICER 3,128369,4
ADMINISTRATIVE,SENIOR ADMINISTRATIVE OFFICER 3,135565,5
ADMINISTRATIVE,SENIOR ADMINISTRATIVE OFFICER 3,142758,6
ADMINISTRATIVE,SENIOR ADMINISTRATIVE OFFICER 2,94941,1
ADMINISTRATIVE,SENIOR ADMINISTRATIVE OFFICER 2,98703,2
ADMINISTRATIVE,SENIOR ADMINISTRATIVE OFFICER 2,102487,3
ADMINISTRATIVE,SENIOR ADMINISTRATIVE OFFICER 2,106270,4
ADMINISTRATIVE,SENIOR ADMINISTRATIVE OFFICER 2,110030,5
ADMINISTRATIVE,SENIOR ADMINISTRATIVE OFFICER 2,113810,6
ADMINISTRATIVE,SENIOR ADMINISTRATIVE OFFICER 2,117589,7
ADMINISTRATIVE,SENIOR ADMINISTRATIVE OFFICER 2,121368,8
ADMINISTRATIVE,SENIOR ADMINISTRATIVE OFFICER 2,125140,9
ADMINISTRATIVE,SENIOR ADMINISTRATIVE OFFICER 1,67132,1
ADMINISTRATIVE,SENIOR ADMINISTRATIVE OFFICER 1,69712,2
ADMINISTRATIVE,SENIOR ADMINISTRATIVE OFFICER 1,72480,3
ADMINISTRATIVE,SENIOR ADMINISTRATIVE OFFICER 1,75725,4
ADMINISTRATIVE,SENIOR ADMINISTRATIVE OFFICER 1,79088,5
ADMINISTRATIVE,SENIOR ADMINISTRATIVE OFFICER 1,82103,6
ADMINISTRATIVE,SENIOR ADMINISTRATIVE OFFICER 1,86389,7
ADMINISTRATIVE,SENIOR ADMINISTRATIVE OFFICER 1,90697,8
ADMINISTRATIVE,SENIOR ADMINISTRATIVE OFFICER 1,95004,9
ADMINISTRATIVE,SENIOR ADMINISTRATIVE OFFICER 1,99296,10
ADMINISTRATIVE,SENIOR ADMINISTRATIVE OFFICER 1,103583,11
ADMINISTRATIVE,SENIOR ADMINISTRATIVE OFFICER 1,107875,12
ADMINISTRATIVE,SENIOR EXECUTIVE ADMINISTRATOR,58657,1
ADMINISTRATIVE,SENIOR EXECUTIVE ADMINISTRATOR,60174,2
ADMINISTRATIVE,SENIOR EXECUTIVE ADMINISTRATOR,61704,3
ADMINISTRATIVE,SENIOR EXECUTIVE ADMINISTRATOR,63240,4
ADMINISTRATIVE,SENIOR EXECUTIVE ADMINISTRATOR,64776,5
ADMINISTRATIVE,SENIOR EXECUTIVE ADMINISTRATOR,66317,6
ADMINISTRATIVE,SENIOR EXECUTIVE ADMINISTRATOR,68510,7
ADMINISTRATIVE,SENIOR EXECUTIVE ADMINISTRATOR,72779,8
ADMINISTRATIVE,SENIOR EXECUTIVE ADMINISTRATOR,77291,9
ADMINISTRATIVE,SENIOR EXECUTIVE ADMINISTRATOR,79691,10
ADMINISTRATIVE,SENIOR EXECUTIVE ADMINISTRATOR,83397,11
ADMINISTRATIVE,EXECUTIVE ADMINISTRATOR,44752,1
ADMINISTRATIVE,EXECUTIVE ADMINISTRATOR,47050,2
ADMINISTRATIVE,EXECUTIVE ADMINISTRATOR,49360,3
ADMINISTRATIVE,EXECUTIVE ADMINISTRATOR,51268,4
ADMINISTRATIVE,EXECUTIVE ADMINISTRATOR,53218,5
ADMINISTRATIVE,EXECUTIVE ADMINISTRATOR,55306,6
ADMINISTRATIVE,EXECUTIVE ADMINISTRATOR,57462,7
ADMINISTRATIVE,EXECUTIVE ADMINISTRATOR,59557,8
ADMINISTRATIVE,EXECUTIVE ADMINISTRATOR,61263,9
ADMINISTRATIVE,EXECUTIVE ADMINISTRATOR,62840,10
ADMINISTRATIVE,EXECUTIVE ADMINISTRATOR,64409,11
ADMINISTRATIVE,SENIOR ADMINISTRATOR,39893,1
ADMINISTRATIVE,SENIOR ADMINISTRATOR,40785,2
ADMINISTRATIVE,SENIOR ADMINISTRATOR,42037,3
ADMINISTRATIVE,SENIOR ADMINISTRATOR,43282,4
ADMINISTRATIVE,SENIOR ADMINISTRATOR,44546,5
ADMINISTRATIVE,SENIOR ADMINISTRATOR,45799,6
ADMINISTRATIVE,SENIOR ADMINISTRATOR,47069,7
ADMINISTRATIVE,SENIOR ADMINISTRATOR,48336,8
ADMINISTRATIVE,SENIOR ADMINISTRATOR,49613,9
ADMINISTRATIVE,SENIOR ADMINISTRATOR,50660,10
ADMINISTRATIVE,SENIOR ADMINISTRATOR,51944,11
ADMINISTRATIVE,SENIOR ADMINISTRATOR,53265,12
ADMINISTRATIVE,ADMINISTRATOR,26572,1
ADMINISTRATIVE,ADMINISTRATOR,27495,2
ADMINISTRATIVE,ADMINISTRATOR,28629,3
ADMINISTRATIVE,ADMINISTRATOR,29397,4
ADMINISTRATIVE,ADMINISTRATOR,30060,5
ADMINISTRATIVE,ADMINISTRATOR,30830,6
ADMINISTRATIVE,ADMINISTRATOR,31616,7
ADMINISTRATIVE,ADMINISTRATOR,32491,8
ADMINISTRATIVE,ADMINISTRATOR,33224,9
ADMINISTRATIVE,ADMINISTRATOR,34378,10
ADMINISTRATIVE,ADMINISTRATOR,35541,11
ADMINISTRATIVE,ADMINISTRATOR,36715,12
ADMINISTRATIVE,ADMINISTRATOR,37403,13
ADMINISTRATIVE,ADMINISTRATOR,38396,14
ADMINISTRATIVE,ADMINISTRATOR,39212,15
ADMINISTRATIVE,ADMINISTRATOR,39926,16
ADMINISTRATIVE,ADMINISTRATOR,40912,17
ADMINISTRATIVE,ADMINISTRATOR,41892,18
EDUCATION PROCUREMENT SERVICES,EPS PORTFOLIO MANAGER,86389,1
EDUCATION PROCUREMENT SERVICES,EPS PORTFOLIO MANAGER,90698,2
EDUCATION PROCUREMENT SERVICES,EPS PORTFOLIO MANAGER,95005,3
EDUCATION PROCUREMENT SERVICES,EPS PORTFOLIO MANAGER,99296,4
EDUCATION PROCUREMENT SERVICES,EPS PORTFOLIO MANAGER,103583,5
EDUCATION PROCUREMENT SERVICES,EPS PORTFOLIO MANAGER,107874,6
EDUCATION PROCUREMENT SERVICES,EPS CATEGORY MANAGER,67131,1
EDUCATION PROCUREMENT SERVICES,EPS CATEGORY MANAGER,69712,2
EDUCATION PROCUREMENT SERVICES,EPS CATEGORY MANAGER,72480,3
EDUCATION PROCUREMENT SERVICES,EPS CATEGORY MANAGER,75725,4
EDUCATION PROCUREMENT SERVICES,EPS CATEGORY MANAGER,79087,5
EDUCATION PROCUREMENT SERVICES,EPS CATEGORY MANAGER,82103,6
EDUCATION PROCUREMENT SERVICES,EPS CATEGORY MANAGER,86389,7
EDUCATION PROCUREMENT SERVICES,EPS CATEGORY MANAGER,90698,8
EDUCATION PROCUREMENT SERVICES,EPS CATEGORY SPECIALIST HIGHER,58656,1
EDUCATION PROCUREMENT SERVICES,"EPS CATEGORY SPECIALIST
HIGHER",60174,2
EDUCATION PROCUREMENT SERVICES,"EPS CATEGORY SPECIALIST
HIGHER",61704,3
EDUCATION PROCUREMENT SERVICES,"EPS CATEGORY SPECIALIST
HIGHER",63240,4
EDUCATION PROCUREMENT SERVICES,"EPS CATEGORY SPECIALIST
HIGHER",64775,5
EDUCATION PROCUREMENT SERVICES,"EPS CATEGORY SPECIALIST
HIGHER",66318,6
EDUCATION PROCUREMENT SERVICES,"EPS CATEGORY SPECIALIST
HIGHER",68510,7
EDUCATION PROCUREMENT SERVICES,"EPS CATEGORY SPECIALIST
HIGHER",72779,8
EDUCATION PROCUREMENT SERVICES,EPS CATEGORY SPECIALIST,44752,1
EDUCATION PROCUREMENT SERVICES,EPS CATEGORY SPECIALIST,47047,2
EDUCATION PROCUREMENT SERVICES,EPS CATEGORY SPECIALIST,49360,3
EDUCATION PROCUREMENT SERVICES,EPS CATEGORY SPECIALIST,51269,4
EDUCATION PROCUREMENT SERVICES,EPS CATEGORY SPECIALIST,53219,5
EDUCATION PROCUREMENT SERVICES,EPS CATEGORY SPECIALIST,55306,6
EDUCATION PROCUREMENT SERVICES,EPS CATEGORY SPECIALIST,57462,7
EDUCATION PROCUREMENT SERVICES,EPS CATEGORY SPECIALIST,59558,8
LIBRARY,SUB LIBRARIAN,64830,1
LIBRARY,SUB LIBRARIAN,68413,2
LIBRARY,SUB LIBRARIAN,71505,3
LIBRARY,SUB LIBRARIAN,74734,4
LIBRARY,SUB LIBRARIAN,77824,5
LIBRARY,SUB LIBRARIAN,80106,6
LIBRARY,SUB LIBRARIAN,83065,7
LIBRARY,SUB LIBRARIAN,86613,8
LIBRARY,SUB LIBRARIAN,90308,9
LIBRARY,SUB LIBRARIAN,93715,10
LIBRARY,SUB LIBRARIAN,97127,11
LIBRARY,SUB LIBRARIAN,100531,12
LIBRARY,SUB LIBRARIAN,102234,13
LIBRARY,SUB LIBRARIAN,104052,14
LIBRARY,SUB LIBRARIAN,106850,15
LIBRARY,ASSISTANT LIBRARIAN 1,44751,1
LIBRARY,ASSISTANT LIBRARIAN 15,47050,2
LIBRARY,ASSISTANT LIBRARIAN 15,49364,3
LIBRARY,ASSISTANT LIBRARIAN 15,51269,4
LIBRARY,ASSISTANT LIBRARIAN 15,53605,5
LIBRARY,ASSISTANT LIBRARIAN 15,55126,6
LIBRARY,ASSISTANT LIBRARIAN 15,56632,7
LIBRARY,ASSISTANT LIBRARIAN 15,57745,8
LIBRARY,ASSISTANT LIBRARIAN 15,59104,9
LIBRARY,ASSISTANT LIBRARIAN 1,60468,10
LIBRARY,ASSISTANT LIBRARIAN 1,61415,11
LIBRARY,ASSISTANT LIBRARIAN 1,62371,12
LIBRARY,ASSISTANT LIBRARIAN 1,64409,13
LIBRARY,ASSISTANT LIBRARIAN 1,66805,14
LIBRARY,ASSISTANT LIBRARIAN 1,69293,15
LIBRARY,SENIOR LIBRARY ASSISTANT,39337,1
LIBRARY,SENIOR LIBRARY ASSISTANT,39808,2
LIBRARY,SENIOR LIBRARY ASSISTANT,40882,3
LIBRARY,SENIOR LIBRARY ASSISTANT,41881,4
LIBRARY,SENIOR LIBRARY ASSISTANT,42439,5
LIBRARY,SENIOR LIBRARY ASSISTANT,44325,6
LIBRARY,SENIOR LIBRARY ASSISTANT,45156,7
LIBRARY,SENIOR LIBRARY ASSISTANT,46242,8
LIBRARY,SENIOR LIBRARY ASSISTANT,47587,9
LIBRARY,SENIOR LIBRARY ASSISTANT,48932,10
LIBRARY,SENIOR LIBRARY ASSISTANT,50539,11
LIBRARY,SENIOR LIBRARY ASSISTANT,51945,12
LIBRARY,SENIOR LIBRARY ASSISTANT,53657,13
LIBRARY,LIBRARY ASSISTANT,33703,1
LIBRARY,LIBRARY ASSISTANT,35429,2
LIBRARY,LIBRARY ASSISTANT,36934,3
LIBRARY,LIBRARY ASSISTANT,37881,4
LIBRARY,LIBRARY ASSISTANT,39133,5
LIBRARY,LIBRARY ASSISTANT,40055,6
LIBRARY,LIBRARY ASSISTANT,41318,7
LIBRARY,LIBRARY ASSISTANT,43868,8
LIBRARY,LIBRARY ASSISTANT,45138,9
LIBRARY,LIBRARY ASSISTANT,45798,10
LIBRARY,LIBRARY ATTENDANT,33403,1
LIBRARY,LIBRARY ATTENDANT,34054,2
LIBRARY,LIBRARY ATTENDANT,36605,3
LIBRARY,LIBRARY ATTENDANT,36966,4
LIBRARY,LIBRARY ATTENDANT,36989,5
LIBRARY,LIBRARY ATTENDANT,37352,6
LIBRARY,LIBRARY ATTENDANT,37714,7
LIBRARY,LIBRARY ATTENDANT,38072,8
LIBRARY,LIBRARY ATTENDANT,38428,9
LIBRARY,LIBRARY ATTENDANT,38443,10
LIBRARY,LIBRARY ATTENDANT,38970,11
LIBRARY,LIBRARY ATTENDANT,39512,12
LIBRARY,LIBRARY ATTENDANT,40039,13
LIBRARY,LIBRARY ATTENDANT,40230,14
INFORMATION TECHNOLOGY,ANALYST PROGRAMMER 3 ,67132,1
INFORMATION TECHNOLOGY,ANALYST PROGRAMMER 3 ,79088,2
INFORMATION TECHNOLOGY,ANALYST PROGRAMMER 3 ,82103,3
INFORMATION TECHNOLOGY,ANALYST PROGRAMMER 3 ,86389,4
INFORMATION TECHNOLOGY,ANALYST PROGRAMMER 3 ,90697,5
INFORMATION TECHNOLOGY,ANALYST PROGRAMMER 3 ,95004,6
INFORMATION TECHNOLOGY,ANALYST PROGRAMMER 3 ,99296,7
INFORMATION TECHNOLOGY,ANALYST PROGRAMMER 4,103583,8
INFORMATION TECHNOLOGY,ANALYST PROGRAMMER 5,107875,9
INFORMATION TECHNOLOGY,ANALYST PROGRAMMER 2,53677,1
INFORMATION TECHNOLOGY,ANALYST PROGRAMMER 2,55287,2
INFORMATION TECHNOLOGY,ANALYST PROGRAMMER 2,56903,3
INFORMATION TECHNOLOGY,ANALYST PROGRAMMER 2,58501,4
INFORMATION TECHNOLOGY,ANALYST PROGRAMMER 2,60116,5
INFORMATION TECHNOLOGY,ANALYST PROGRAMMER 2,61717,6
INFORMATION TECHNOLOGY,ANALYST PROGRAMMER 2,64375,7
INFORMATION TECHNOLOGY,ANALYST PROGRAMMER 2,66805,8
INFORMATION TECHNOLOGY,ANALYST PROGRAMMER 2,69293,9
INFORMATION TECHNOLOGY,ANALYST PROGRAMMER 1,42012,1
INFORMATION TECHNOLOGY,ANALYST PROGRAMMER 1,44629,2
INFORMATION TECHNOLOGY,ANALYST PROGRAMMER 1,46172,3
INFORMATION TECHNOLOGY,ANALYST PROGRAMMER 1,47611,4
INFORMATION TECHNOLOGY,ANALYST PROGRAMMER 1,49079,5
INFORMATION TECHNOLOGY,ANALYST PROGRAMMER 1,50543,6
INFORMATION TECHNOLOGY,ANALYST PROGRAMMER 1,52039,7
INFORMATION TECHNOLOGY,ANALYST PROGRAMMER 1,53562,8
INFORMATION TECHNOLOGY,ANALYST PROGRAMMER 1,56116,9
INFORMATION TECHNOLOGY,ANALYST PROGRAMMER 1,58164,10
INFORMATION TECHNOLOGY,SENIOR COMPUTER OPERATOR,42214,1
INFORMATION TECHNOLOGY,SENIOR COMPUTER OPERATOR,43823,2
INFORMATION TECHNOLOGY,SENIOR COMPUTER OPERATOR,45475,3
INFORMATION TECHNOLOGY,SENIOR COMPUTER OPERATOR,46768,4
INFORMATION TECHNOLOGY,SENIOR COMPUTER OPERATOR,48067,5
INFORMATION TECHNOLOGY,SENIOR COMPUTER OPERATOR,49369,6
INFORMATION TECHNOLOGY,SENIOR COMPUTER OPERATOR,50686,7
INFORMATION TECHNOLOGY,SENIOR COMPUTER OPERATOR,51968,8
INFORMATION TECHNOLOGY,SENIOR COMPUTER OPERATOR,53657,9
INFORMATION TECHNOLOGY,SENIOR COMPUTER OPERATOR,55570,10
INFORMATION TECHNOLOGY, COMPUTER OPERATOR,33403,1
INFORMATION TECHNOLOGY, COMPUTER OPERATOR,35114,2
INFORMATION TECHNOLOGY, COMPUTER OPERATOR,36604,3
INFORMATION TECHNOLOGY, COMPUTER OPERATOR,37881,4
INFORMATION TECHNOLOGY, COMPUTER OPERATOR,39133,5
INFORMATION TECHNOLOGY, COMPUTER OPERATOR,40054,6
INFORMATION TECHNOLOGY, COMPUTER OPERATOR,41318,7
INFORMATION TECHNOLOGY, COMPUTER OPERATOR,42586,8
INFORMATION TECHNOLOGY, COMPUTER OPERATOR,43868,9
INFORMATION TECHNOLOGY, COMPUTER OPERATOR,45138,10
INFORMATION TECHNOLOGY,PRINT OPERATOR 2,31238,1
INFORMATION TECHNOLOGY,PRINT OPERATOR 2,32320,2
INFORMATION TECHNOLOGY,PRINT OPERATOR 2,33844,3
INFORMATION TECHNOLOGY,PRINT OPERATOR 2,35403,4
INFORMATION TECHNOLOGY,PRINT OPERATOR 2,36946,5
INFORMATION TECHNOLOGY,PRINT OPERATOR 2,38331,6
INFORMATION TECHNOLOGY,PRINT OPERATOR 2,39365,7
INFORMATION TECHNOLOGY,PRINT OPERATOR 2,40749,8
INFORMATION TECHNOLOGY,PRINT OPERATOR 2,42093,9
INFORMATION TECHNOLOGY,PRINT OPERATOR 2,43223,10
INFORMATION TECHNOLOGY,PRINT OPERATOR 2,44373,11
INFORMATION TECHNOLOGY,PRINT OPERATOR 1,29021,1
INFORMATION TECHNOLOGY,PRINT OPERATOR 1,30996,2
INFORMATION TECHNOLOGY,PRINT OPERATOR 1,31738,3
INFORMATION TECHNOLOGY,PRINT OPERATOR 1,32768,4
INFORMATION TECHNOLOGY,PRINT OPERATOR 1,34232,5
INFORMATION TECHNOLOGY,PRINT OPERATOR 1,35719,6
INFORMATION TECHNOLOGY,PRINT OPERATOR 1,37208,7
INFORMATION TECHNOLOGY,PRINT OPERATOR 1,38553,8
INFORMATION TECHNOLOGY,COMPUTER LAB ATTENDANT,33403,1
INFORMATION TECHNOLOGY,COMPUTER LAB ATTENDANT,34543,2
INFORMATION TECHNOLOGY,COMPUTER LAB ATTENDANT,36605,3
INFORMATION TECHNOLOGY,COMPUTER LAB ATTENDANT,36967,4
INFORMATION TECHNOLOGY,COMPUTER LAB ATTENDANT,36987,5
INFORMATION TECHNOLOGY,COMPUTER LAB ATTENDANT,37353,6
INFORMATION TECHNOLOGY,COMPUTER LAB ATTENDANT,37714,7
INFORMATION TECHNOLOGY,COMPUTER LAB ATTENDANT,38072,8
INFORMATION TECHNOLOGY,COMPUTER LAB ATTENDANT,38428,9
INFORMATION TECHNOLOGY,TEMPORARY COMPUTER ASSISTANT,33403,1
INFORMATION TECHNOLOGY,TEMPORARY COMPUTER ASSISTANT,34543,2
INFORMATION TECHNOLOGY,TEMPORARY COMPUTER ASSISTANT,36605,3
INFORMATION TECHNOLOGY,TEMPORARY COMPUTER ASSISTANT,36967,4
INFORMATION TECHNOLOGY,TEMPORARY COMPUTER ASSISTANT,36987,5
INFORMATION TECHNOLOGY,TEMPORARY COMPUTER ASSISTANT,37353,6
INFORMATION TECHNOLOGY,TEMPORARY COMPUTER ASSISTANT,37714,7
INFORMATION TECHNOLOGY,TEMPORARY COMPUTER ASSISTANT,38072,8
INFORMATION TECHNOLOGY,TEMPORARY COMPUTER ASSISTANT,38428,9
TECHNICAL,CHIEF TECHNICAL OFFICER,64838,1
TECHNICAL,CHIEF TECHNICAL OFFICER,67536,2
TECHNICAL,CHIEF TECHNICAL OFFICER,70205,3
TECHNICAL,CHIEF TECHNICAL OFFICER,72948,4
TECHNICAL,CHIEF TECHNICAL OFFICER,75821,5
TECHNICAL,CHIEF TECHNICAL OFFICER,78621,6
TECHNICAL, TECHNICAL OFFICER,39828,1
TECHNICAL, TECHNICAL OFFICER,41606,2
TECHNICAL, TECHNICAL OFFICER,43745,3
TECHNICAL, TECHNICAL OFFICER,45033,4
TECHNICAL, TECHNICAL OFFICER,46408,5
TECHNICAL, TECHNICAL OFFICER,49325,6
TECHNICAL, TECHNICAL OFFICER,51251,7
TECHNICAL, TECHNICAL OFFICER,53228,8
TECHNICAL, TECHNICAL OFFICER,55376,9
TECHNICAL, TECHNICAL OFFICER,57459,10
TECHNICAL,SENIOR  TECHNICAL OFFICER,60654,11
TECHNICAL,SENIOR  TECHNICAL OFFICER,62799,12
TECHNICAL,SENIOR TECHNICAL OFFICER,65107,13
TECHNICAL,SENIOR TECHNICAL OFFICER,67470,14
TECHNICAL,SENIOR TECHNICAL OFFICER,69827,15
TECHNICAL,SENIOR TECHNICAL OFFICER,71290,16
TECHNICAL,SENIOR LAB ATTENDANT,38443,1
TECHNICAL,SENIOR LAB ATTENDANT,38970,2
TECHNICAL,SENIOR LAB ATTENDANT,39512,3
TECHNICAL,SENIOR LAB ATTENDANT,40040,4
TECHNICAL,SENIOR LAB ATTENDANT,40229,5
TECHNICAL,LABRATORY ATTENDANT,33403,1
TECHNICAL,LABRATORY ATTENDANT,34543,2
TECHNICAL,LABRATORY ATTENDANT,36604,3
TECHNICAL,LABRATORY ATTENDANT,36966,4
TECHNICAL,LABRATORY ATTENDANT,36989,5
TECHNICAL,LABRATORY ATTENDANT,37352,6
TECHNICAL,LABRATORY ATTENDANT,37714,7
TECHNICAL,LABRATORY ATTENDANT,38072,8
TECHNICAL,LABRATORY ATTENDANT,38429,9
SERVICE STAFF,SEN PORTER/ATTENDANT,41472,1
SERVICE STAFF,SEN PORTER/ATTENDANT,41678,2
SERVICE STAFF,SEN PORTER/ATTENDANT,41873,3
SERVICE STAFF,SEN PORTER/ATTENDANT,41984,4
SERVICE STAFF,SEN PORTER/ATTENDANT,42103,5
SERVICE STAFF,SEN PORTER/ATTENDANT,42213,6
SERVICE STAFF,SEN PORTER/ATTENDANT,42325,7
SERVICE STAFF,SEN PORTER/ATTENDANT,42445,8
SERVICE STAFF,SEN PORTER/ATTENDANT,42563,9
SERVICE STAFF,SEN PORTER/ATTENDANT,42689,10
SERVICE STAFF,SEN PORTER/ATTENDANT,42813,11
SERVICE STAFF,SEN PORTER/ATTENDANT,42936,12
SERVICE STAFF,SEN PORTER/ATTENDANT,43069,13
SERVICE STAFF,PORTER/ATTENDANT,36456,1
SERVICE STAFF,PORTER/ATTENDANT,37227,2
SERVICE STAFF,PORTER/ATTENDANT,39454,3
SERVICE STAFF,PORTER/ATTENDANT,39644,4
SERVICE STAFF,PORTER/ATTENDANT,39821,5
SERVICE STAFF,PORTER/ATTENDANT,39919,6
SERVICE STAFF,PORTER/ATTENDANT,40032,7
SERVICE STAFF,PORTER/ATTENDANT,40032,8
SERVICE STAFF,PORTER/ATTENDANT,40032,9
SERVICE STAFF,PORTER/ATTENDANT,40032,10
SERVICE STAFF,PORTER/ATTENDANT,40099,11
SERVICE STAFF,PORTER/ATTENDANT,40214,12
SERVICE STAFF,PORTER/ATTENDANT,40327,13
SERVICE STAFF,PORTER/ATTENDANT,40440,14
SERVICE STAFF,PORTER/ATTENDANT,40552,15
SERVICE STAFF,GROUNDS SUPERVISOR,40712,1
SERVICE STAFF,GROUNDS SUPERVISOR,40895,2
SERVICE STAFF,GROUNDS SUPERVISOR,41086,3
SERVICE STAFF,GROUNDS SUPERVISOR,41188,4
SERVICE STAFF,GROUNDS SUPERVISOR,41295,5
SERVICE STAFF,GROUNDS SUPERVISOR,41402,6
SERVICE STAFF,GROUNDS SUPERVISOR,41498,7
SERVICE STAFF,GROUNDS SUPERVISOR,41609,8
SERVICE STAFF,GROUNDS SUPERVISOR,41720,9
SERVICE STAFF,GROUNDS SUPERVISOR,41828,10
SERVICE STAFF,GROUNDS SUPERVISOR,41944,11
SERVICE STAFF,GROUNDS SUPERVISOR,42060,12
SERVICE STAFF,GROUNDS SUPERVISOR,42165,13
SERVICE STAFF,GROUNDSWORKPERSON,35063,1
SERVICE STAFF,GROUNDSWORKPERSON,35795,2
SERVICE STAFF,GROUNDSWORKPERSON,38451,3
SERVICE STAFF,GROUNDSWORKPERSON,38637,4
SERVICE STAFF,GROUNDSWORKPERSON,38810,5
SERVICE STAFF,GROUNDSWORKPERSON,38906,6
SERVICE STAFF,GROUNDSWORKPERSON,39009,7
SERVICE STAFF,GROUNDSWORKPERSON,39104,8
SERVICE STAFF,GROUNDSWORKPERSON,39206,9
SERVICE STAFF,GROUNDSWORKPERSON,39304,10
SERVICE STAFF,GROUNDSWORKPERSON,39415,11
SERVICE STAFF,GROUNDSWORKPERSON,39522,12
SERVICE STAFF,GROUNDSWORKPERSON,39632,13
SERVICE STAFF,GROUNDSWORKPERSON,39744,14
SERVICE STAFF,GROUNDSWORKPERSON,39861,15
SERVICE STAFF,SENIOR AIDE,40827,1
SERVICE STAFF,SENIOR AIDE,41026,2
SERVICE STAFF,SENIOR AIDE,41209,3
SERVICE STAFF,SENIOR AIDE,41317,4
SERVICE STAFF,SENIOR AIDE,41420,5
SERVICE STAFF,SENIOR AIDE,41534,6
SERVICE STAFF,SENIOR AIDE,41635,7
SERVICE STAFF,SENIOR AIDE,41745,8
SERVICE STAFF,SENIOR AIDE,41859,9
SERVICE STAFF,SENIOR AIDE,41975,10
SERVICE STAFF,SENIOR AIDE,42089,11
SERVICE STAFF,SENIOR AIDE,42206,12
SERVICE STAFF,SENIOR AIDE,42318,13
SERVICE STAFF,GROUNDSWORKPERSON MACHINE ATTENDANT,35829,1
SERVICE STAFF,GROUNDSWORKPERSON MACHINE ATTENDANT,36585,2
SERVICE STAFF,GROUNDSWORKPERSON MACHINE ATTENDANT,39300,3
SERVICE STAFF,GROUNDSWORKPERSON MACHINE ATTENDANT,39493,4
SERVICE STAFF,GROUNDSWORKPERSON MACHINE ATTENDANT,39671,5
SERVICE STAFF,GROUNDSWORKPERSON MACHINE ATTENDANT,39864,6
SERVICE STAFF,GROUNDSWORKPERSON MACHINE ATTENDANT,39874,7
SERVICE STAFF,GROUNDSWORKPERSON MACHINE ATTENDANT,39979,8
SERVICE STAFF,GROUNDSWORKPERSON MACHINE ATTENDANT,40085,9
SERVICE STAFF,GROUNDSWORKPERSON MACHINE ATTENDANT,40085,10
SERVICE STAFF,GROUNDSWORKPERSON MACHINE ATTENDANT,40085,11
SERVICE STAFF,GROUNDSWORKPERSON MACHINE ATTENDANT,40085,12
SERVICE STAFF,GROUNDSWORKPERSON MACHINE ATTENDANT,40172,13
SERVICE STAFF,GROUNDSWORKPERSON MACHINE ATTENDANT,40286,14
SERVICE STAFF,GROUNDSWORKPERSON MACHINE ATTENDANT,40401,15
SERVICE STAFF,SERVICE STAFF,35974,1
SERVICE STAFF,SERVICE STAFF,36736,2
SERVICE STAFF,SERVICE STAFF,39461,3
SERVICE STAFF,SERVICE STAFF,39657,4
SERVICE STAFF,SERVICE STAFF,39836,5
SERVICE STAFF,SERVICE STAFF,39933,6
SERVICE STAFF,SERVICE STAFF,40040,7
SERVICE STAFF,SERVICE STAFF,40040,8
SERVICE STAFF,SERVICE STAFF,40040,9
SERVICE STAFF,SERVICE STAFF,40040,10
SERVICE STAFF,SERVICE STAFF,40113,11
SERVICE STAFF,SERVICE STAFF,40226,12
SERVICE STAFF,SERVICE STAFF,40336,13
SERVICE STAFF,SERVICE STAFF,40451,14
SERVICE STAFF,SERVICE STAFF,40566,15
SERVICE STAFF,SERVICE STAFF SHIFT,37129,1
SERVICE STAFF,SERVICE STAFF SHIFT,37898,2
SERVICE STAFF,SERVICE STAFF SHIFT,40388,3
SERVICE STAFF,SERVICE STAFF SHIFT,40578,4
SERVICE STAFF,SERVICE STAFF SHIFT,40761,5
SERVICE STAFF,SERVICE STAFF SHIFT,40861,6
SERVICE STAFF,SERVICE STAFF SHIFT,40973,7
SERVICE STAFF,SERVICE STAFF SHIFT,41074,8
SERVICE STAFF,SERVICE STAFF SHIFT,41179,9
SERVICE STAFF,SERVICE STAFF SHIFT,41284,10
SERVICE STAFF,SERVICE STAFF SHIFT,41392,11
SERVICE STAFF,SERVICE STAFF SHIFT,41506,12
SERVICE STAFF,SERVICE STAFF SHIFT,41613,13
SERVICE STAFF,SERVICE STAFF SHIFT,41733,14
SERVICE STAFF,SERVICE STAFF SHIFT,41846,15
SERVICE STAFF,PLANT MAINTENANCE AIDE,40053,1
SERVICE STAFF,PLANT MAINTENANCE AIDE,43995,2
SERVICE STAFF,GROUNDS FOREPERSON,49333,1
SERVICE STAFF,GROUNDS FOREPERSON,50369,2
SERVICE STAFF,GROUNDS FOREPERSON,51204,3
SERVICE STAFF,GROUNDS FOREPERSON,52137,4
SERVICE STAFF,GROUNDS FOREPERSON,53117,5
SERVICE STAFF,GROUNDS FOREPERSON,54078,6
TEACHERS,TEACHING FELLOW,62069,1
TEACHERS,TEACHING FELLOW,73092,2
TEACHERS,TEACHING FELLOW,77007,3
TEACHERS,TEACHING FELLOW,79703,4
TEACHERS,TEACHING FELLOW,83634,5
TEACHERS,TEACHING FELLOW,87605,6
TEACHERS,TEACHING FELLOW,91562,7
TEACHERS,TEACHING FELLOW,95514,8
TEACHERS,TEACHING FELLOW,99471,9
TEACHERS,UNIVERSITY TEACHER,46955,1
TEACHERS,UNIVERSITY TEACHER,49543,2
TEACHERS,UNIVERSITY TEACHER,51676,3
TEACHERS,UNIVERSITY TEACHER,53644,4
TEACHERS,UNIVERSITY TEACHER,55689,5
TEACHERS,UNIVERSITY TEACHER,57323,6
TEACHERS,UNIVERSITY TEACHER,58990,7
TEACHERS,UNIVERSITY TEACHER,60654,8
TEACHERS,UNIVERSITY TEACHER,62314,9
TEACHERS,UNIVERSITY TEACHER,63965,10
TEACHERS,ASSOCIATE TEACHER,37008,1
TEACHERS,ASSOCIATE TEACHER,39126,2
TEACHERS,ASSOCIATE TEACHER,40060,3
TEACHERS,ASSOCIATE TEACHER,41945,4
TEACHERS,ASSOCIATE TEACHER,43130,5
TEACHERS,ASSOCIATE TEACHER,44464,6
TEACHERS,ASSOCIATE TEACHER,45716,7
TEACHERS,ASSOCIATE TEACHER,46978,8
TEACHERS,ASSOCIATE TEACHER,47948,9
TEACHERS,ASSOCIATE TEACHER,50419,10
CLINICAL,THERAPIES REGIONAL SUPERVISORS REGIONAL PLACEMENT FACILITATOR,62038,1
CLINICAL,THERAPIES REGIONAL SUPERVISORS REGIONAL PLACEMENT FACILITATOR,63360,2
CLINICAL,THERAPIES REGIONAL SUPERVISORS REGIONAL PLACEMENT FACILITATOR,64724,3
CLINICAL,THERAPIES REGIONAL SUPERVISORS REGIONAL PLACEMENT FACILITATOR,66076,4
CLINICAL,THERAPIES REGIONAL SUPERVISORS REGIONAL PLACEMENT FACILITATOR,67430,5
CLINICAL,THERAPIES REGIONAL SUPERVISORS REGIONAL PLACEMENT FACILITATOR,68853,6
CLINICAL,THERAPIES REGIONAL SUPERVISORS REGIONAL PLACEMENT FACILITATOR,70352,7
CLINICAL,THERAPIES REGIONAL SUPERVISORS REGIONAL PLACEMENT FACILITATOR,71848,8
CLINICAL,THERAPIES REGIONAL SUPERVISORS REGIONAL PLACEMENT FACILITATOR,73048,9
CLINICAL,CLINICAL TUTOR,66452,1
CLINICAL,CLINICAL TUTOR,69009,2
CLINICAL,CLINICAL TUTOR,71509,3
CLINICAL,CLINICAL TUTOR,73344,4
CLINICAL,CLINICAL TUTOR,75794,5
CLINICAL,CLINICAL TUTOR,78252,6
CLINICAL,CLINICAL FELLOW,74499,1
CLINICAL,CLINICAL FELLOW,76258,2
CLINICAL,CLINICAL FELLOW,78804,3
CLINICAL,CLINICAL FELLOW,81095,4
CLINICAL,CLINICAL FELLOW,84824,5
CLINICAL,CLINICAL FELLOW,88562,6
CLINICAL,CLINICAL FELLOW,92294,7
