PRESIDENTIAL,PRESIDENT,240716,1,0,1
PRESIDENTIAL,VICE PRESIDENT,184171,1,0,1
ACADEMIC,FULL PROFESSOR,140068,1,0,2
ACADEMIC,FULL PROFESSOR,148055,2,0,3
ACADEMIC,FULL PROFESSOR,156042,3,0,4
ACADEMIC,FULL PROFESSOR,164028,4,0,5
ACADEMIC,FULL PROFESSOR,172016,5,0,6
ACADEMIC,FULL PROFESSOR,177078,6,0,7
ACADEMIC,PROFESSOR,101447,1,0,8
ACADEMIC,PROFESSOR,108276,2,0,9
ACADEMIC,PROFESSOR,115107,3,0,10
ACADEMIC,PROFESSOR,121935,4,0,11
ACADEMIC,PROFESSOR,128770,5,0,12
ACADEMIC,PROFESSOR,135598,6,0,13
ACADEMIC,ASSOCIATE PROFESSOR A,87548,1,0,14
ACADEMIC,ASSOCIATE PROFESSOR A,91018,2,0,15
ACADEMIC,ASSOCIATE PROFESSOR A,94492,3,0,16
ACADEMIC,ASSOCIATE PROFESSOR A,97988,4,0,17
ACADEMIC,ASSOCIATE PROFESSOR A,101461,5,0,18
ACADEMIC,ASSOCIATE PROFESSOR A,104948,6,0,19
ACADEMIC,ASSOCIATE PROFESSOR A,108430,7,0,20
ACADEMIC,ASSOCIATE PROFESSOR A,111916,8,0,21
ACADEMIC,ASSOCIATE PROFESSOR A,115395,9,0,22
ACADEMIC,ASSOCIATE PROFESSOR B,620269,1,0,23
ACADEMIC,ASSOCIATE PROFESSOR B,73093,2,0,24
ACADEMIC,ASSOCIATE PROFESSOR B,77006,3,0,25
ACADEMIC,ASSOCIATE PROFESSOR B,79703,4,0,26
ACADEMIC,ASSOCIATE PROFESSOR B,83634,5,0,27
ACADEMIC,ASSOCIATE PROFESSOR B,87604,6,0,28
ACADEMIC,ASSOCIATE PROFESSOR B,91563,7,0,29
ACADEMIC,ASSOCIATE PROFESSOR B,95514,8,0,30
ACADEMIC,ASSOCIATE PROFESSOR B,99471,9,0,31
ACADEMIC,ASSISTANT PROFESSOR,46955,1,0,32
ACADEMIC,ASSISTANT PROFESSOR,49543,2,0,33
ACADEMIC,ASSISTANT PROFESSOR,51676,3,0,34
ACADEMIC,ASSISTANT PROFESSOR,53644,4,0,35
ACADEMIC,ASSISTANT PROFESSOR,55689,5,0,36
ACADEMIC,ASSISTANT PROFESSOR,57323,6,0,37
ACADEMIC,ASSISTANT PROFESSOR,58990,7,0,38
ACADEMIC,ASSISTANT PROFESSOR,60654,8,0,39
ACADEMIC,ASSISTANT PROFESSOR,62314,9,0,40
ACADEMIC,ASSISTANT PROFESSOR,63965,10,0,41
ACADEMIC,TEACHING ASSISTANT,37010,1,0,42
ACADEMIC,TEACHING ASSISTANT,40061,2,0,43
ADMINISTRATIVE,SENIOR ADMINISTRATIVE OFFICER 3,106800,1,0,44
ADMINISTRATIVE,SENIOR ADMINISTRATIVE OFFICER 3,113990,2,0,45
ADMINISTRATIVE,SENIOR ADMINISTRATIVE OFFICER 3,121181,3,0,46
ADMINISTRATIVE,SENIOR ADMINISTRATIVE OFFICER 3,128369,4,0,47
ADMINISTRATIVE,SENIOR ADMINISTRATIVE OFFICER 3,135565,5,0,48
ADMINISTRATIVE,SENIOR ADMINISTRATIVE OFFICER 3,142758,6,0,49
ADMINISTRATIVE,SENIOR ADMINISTRATIVE OFFICER 2,94941,1,0,50
ADMINISTRATIVE,SENIOR ADMINISTRATIVE OFFICER 2,98703,2,0,51
ADMINISTRATIVE,SENIOR ADMINISTRATIVE OFFICER 2,102487,3,0,52
ADMINISTRATIVE,SENIOR ADMINISTRATIVE OFFICER 2,106270,4,0,53
ADMINISTRATIVE,SENIOR ADMINISTRATIVE OFFICER 2,110030,5,0,54
ADMINISTRATIVE,SENIOR ADMINISTRATIVE OFFICER 2,113810,6,0,55
ADMINISTRATIVE,SENIOR ADMINISTRATIVE OFFICER 2,117589,7,0,56
ADMINISTRATIVE,SENIOR ADMINISTRATIVE OFFICER 2,121368,8,0,57
ADMINISTRATIVE,SENIOR ADMINISTRATIVE OFFICER 2,125140,9,0,58
ADMINISTRATIVE,SENIOR ADMINISTRATIVE OFFICER 1,67132,1,0,59
ADMINISTRATIVE,SENIOR ADMINISTRATIVE OFFICER 1,69712,2,0,60
ADMINISTRATIVE,SENIOR ADMINISTRATIVE OFFICER 1,72480,3,0,61
ADMINISTRATIVE,SENIOR ADMINISTRATIVE OFFICER 1,75725,4,0,62
ADMINISTRATIVE,SENIOR ADMINISTRATIVE OFFICER 1,79088,5,0,63
ADMINISTRATIVE,SENIOR ADMINISTRATIVE OFFICER 1,82103,6,0,64
ADMINISTRATIVE,SENIOR ADMINISTRATIVE OFFICER 1,86389,7,0,65
ADMINISTRATIVE,SENIOR ADMINISTRATIVE OFFICER 1,90697,8,0,66
ADMINISTRATIVE,SENIOR ADMINISTRATIVE OFFICER 1,95004,9,0,67
ADMINISTRATIVE,SENIOR ADMINISTRATIVE OFFICER 1,99296,10,0,68
ADMINISTRATIVE,SENIOR ADMINISTRATIVE OFFICER 1,103583,11,0,69
ADMINISTRATIVE,SENIOR ADMINISTRATIVE OFFICER 1,107875,12,0,70
ADMINISTRATIVE,SENIOR EXECUTIVE ADMINISTRATOR,58657,1,0,71
ADMINISTRATIVE,SENIOR EXECUTIVE ADMINISTRATOR,60174,2,0,72
ADMINISTRATIVE,SENIOR EXECUTIVE ADMINISTRATOR,61704,3,0,73
ADMINISTRATIVE,SENIOR EXECUTIVE ADMINISTRATOR,63240,4,0,74
ADMINISTRATIVE,SENIOR EXECUTIVE ADMINISTRATOR,64776,5,0,75
ADMINISTRATIVE,SENIOR EXECUTIVE ADMINISTRATOR,66317,6,0,76
ADMINISTRATIVE,SENIOR EXECUTIVE ADMINISTRATOR,68510,7,0,77
ADMINISTRATIVE,SENIOR EXECUTIVE ADMINISTRATOR,72779,8,0,78
ADMINISTRATIVE,SENIOR EXECUTIVE ADMINISTRATOR,77291,9,0,79
ADMINISTRATIVE,SENIOR EXECUTIVE ADMINISTRATOR,79691,10,0,80
ADMINISTRATIVE,SENIOR EXECUTIVE ADMINISTRATOR,83397,11,0,81
ADMINISTRATIVE,EXECUTIVE ADMINISTRATOR,44752,1,0,82
ADMINISTRATIVE,EXECUTIVE ADMINISTRATOR,47050,2,0,83
ADMINISTRATIVE,EXECUTIVE ADMINISTRATOR,49360,3,0,84
ADMINISTRATIVE,EXECUTIVE ADMINISTRATOR,51268,4,0,85
ADMINISTRATIVE,EXECUTIVE ADMINISTRATOR,53218,5,0,86
ADMINISTRATIVE,EXECUTIVE ADMINISTRATOR,55306,6,0,87
ADMINISTRATIVE,EXECUTIVE ADMINISTRATOR,57462,7,0,88
ADMINISTRATIVE,EXECUTIVE ADMINISTRATOR,59557,8,0,89
ADMINISTRATIVE,EXECUTIVE ADMINISTRATOR,61263,9,0,90
ADMINISTRATIVE,EXECUTIVE ADMINISTRATOR,62840,10,0,91
ADMINISTRATIVE,EXECUTIVE ADMINISTRATOR,64409,11,0,92
ADMINISTRATIVE,SENIOR ADMINISTRATOR,39893,1,0,93
ADMINISTRATIVE,SENIOR ADMINISTRATOR,40785,2,0,94
ADMINISTRATIVE,SENIOR ADMINISTRATOR,42037,3,0,95
ADMINISTRATIVE,SENIOR ADMINISTRATOR,43282,4,0,96
ADMINISTRATIVE,SENIOR ADMINISTRATOR,44546,5,0,97
ADMINISTRATIVE,SENIOR ADMINISTRATOR,45799,6,0,98
ADMINISTRATIVE,SENIOR ADMINISTRATOR,47069,7,0,99
ADMINISTRATIVE,SENIOR ADMINISTRATOR,48336,8,0,100
ADMINISTRATIVE,SENIOR ADMINISTRATOR,49613,9,0,101
ADMINISTRATIVE,SENIOR ADMINISTRATOR,50660,10,0,102
ADMINISTRATIVE,SENIOR ADMINISTRATOR,51944,11,0,103
ADMINISTRATIVE,SENIOR ADMINISTRATOR,53265,12,0,104
ADMINISTRATIVE,ADMINISTRATOR,26572,1,0,105
ADMINISTRATIVE,ADMINISTRATOR,27495,2,0,106
ADMINISTRATIVE,ADMINISTRATOR,28629,3,0,107
ADMINISTRATIVE,ADMINISTRATOR,29397,4,0,108
ADMINISTRATIVE,ADMINISTRATOR,30060,5,0,109
ADMINISTRATIVE,ADMINISTRATOR,30830,6,0,110
ADMINISTRATIVE,ADMINISTRATOR,31616,7,0,111
ADMINISTRATIVE,ADMINISTRATOR,32491,8,0,112
ADMINISTRATIVE,ADMINISTRATOR,33224,9,0,113
ADMINISTRATIVE,ADMINISTRATOR,34378,10,0,114
ADMINISTRATIVE,ADMINISTRATOR,35541,11,0,115
ADMINISTRATIVE,ADMINISTRATOR,36715,12,0,116
ADMINISTRATIVE,ADMINISTRATOR,37403,13,0,117
ADMINISTRATIVE,ADMINISTRATOR,38396,14,0,118
ADMINISTRATIVE,ADMINISTRATOR,39212,15,0,119
ADMINISTRATIVE,ADMINISTRATOR,39926,16,0,120
ADMINISTRATIVE,ADMINISTRATOR,40912,17,0,121
ADMINISTRATIVE,ADMINISTRATOR,41892,18,0,122
EDUCATION PROCUREMENT SERVICES,EPS PORTFOLIO MANAGER,86389,1,0,123
EDUCATION PROCUREMENT SERVICES,EPS PORTFOLIO MANAGER,90698,2,0,124
EDUCATION PROCUREMENT SERVICES,EPS PORTFOLIO MANAGER,95005,3,0,125
EDUCATION PROCUREMENT SERVICES,EPS PORTFOLIO MANAGER,99296,4,0,126
EDUCATION PROCUREMENT SERVICES,EPS PORTFOLIO MANAGER,103583,5,0,127
EDUCATION PROCUREMENT SERVICES,EPS PORTFOLIO MANAGER,107874,6,0,128
EDUCATION PROCUREMENT SERVICES,EPS CATEGORY MANAGER,67131,1,0,129
EDUCATION PROCUREMENT SERVICES,EPS CATEGORY MANAGER,69712,2,0,130
EDUCATION PROCUREMENT SERVICES,EPS CATEGORY MANAGER,72480,3,0,131
EDUCATION PROCUREMENT SERVICES,EPS CATEGORY MANAGER,75725,4,0,132
EDUCATION PROCUREMENT SERVICES,EPS CATEGORY MANAGER,79087,5,0,133
EDUCATION PROCUREMENT SERVICES,EPS CATEGORY MANAGER,82103,6,0,134
EDUCATION PROCUREMENT SERVICES,EPS CATEGORY MANAGER,86389,7,0,135
EDUCATION PROCUREMENT SERVICES,EPS CATEGORY MANAGER,90698,8,0,136
EDUCATION PROCUREMENT SERVICES,EPS CATEGORY SPECIALIST HIGHER,58656,1,0,137
EDUCATION PROCUREMENT SERVICES,EPS CATEGORY SPECIALIST HIGHER,60174,2,0,138
EDUCATION PROCUREMENT SERVICES,EPS CATEGORY SPECIALIST HIGHER,61704,3,0,139
EDUCATION PROCUREMENT SERVICES,EPS CATEGORY SPECIALIST HIGHER,63240,4,0,140
EDUCATION PROCUREMENT SERVICES,EPS CATEGORY SPECIALIST HIGHER,64775,5,0,141
EDUCATION PROCUREMENT SERVICES,EPS CATEGORY SPECIALIST HIGHER,66318,6,0,142
EDUCATION PROCUREMENT SERVICES,EPS CATEGORY SPECIALIST HIGHER,68510,7,0,143
EDUCATION PROCUREMENT SERVICES,EPS CATEGORY SPECIALIST HIGHER,72779,8,0,144
EDUCATION PROCUREMENT SERVICES,EPS CATEGORY SPECIALIST,44752,1,0,145
EDUCATION PROCUREMENT SERVICES,EPS CATEGORY SPECIALIST,47047,2,0,146
EDUCATION PROCUREMENT SERVICES,EPS CATEGORY SPECIALIST,49360,3,0,147
EDUCATION PROCUREMENT SERVICES,EPS CATEGORY SPECIALIST,51269,4,0,148
EDUCATION PROCUREMENT SERVICES,EPS CATEGORY SPECIALIST,53219,5,0,149
EDUCATION PROCUREMENT SERVICES,EPS CATEGORY SPECIALIST,55306,6,0,150
EDUCATION PROCUREMENT SERVICES,EPS CATEGORY SPECIALIST,57462,7,0,151
EDUCATION PROCUREMENT SERVICES,EPS CATEGORY SPECIALIST,59558,8,0,152
LIBRARY,SUB LIBRARIAN,64830,1,0,153
LIBRARY,SUB LIBRARIAN,68413,2,0,154
LIBRARY,SUB LIBRARIAN,71505,3,0,155
LIBRARY,SUB LIBRARIAN,74734,4,0,156
LIBRARY,SUB LIBRARIAN,77824,5,0,157
LIBRARY,SUB LIBRARIAN,80106,6,0,158
LIBRARY,SUB LIBRARIAN,83065,7,0,159
LIBRARY,SUB LIBRARIAN,86613,8,0,160
LIBRARY,SUB LIBRARIAN,90308,9,0,161
LIBRARY,SUB LIBRARIAN,93715,10,0,162
LIBRARY,SUB LIBRARIAN,97127,11,0,163
LIBRARY,SUB LIBRARIAN,100531,12,0,164
LIBRARY,SUB LIBRARIAN,102234,13,0,165
LIBRARY,SUB LIBRARIAN,104052,14,0,166
LIBRARY,SUB LIBRARIAN,106850,15,0,167
LIBRARY,ASSISTANT LIBRARIAN 1,44751,1,0,168
LIBRARY,ASSISTANT LIBRARIAN 15,47050,2,0,169
LIBRARY,ASSISTANT LIBRARIAN 15,49364,3,0,170
LIBRARY,ASSISTANT LIBRARIAN 15,51269,4,0,171
LIBRARY,ASSISTANT LIBRARIAN 15,53605,5,0,172
LIBRARY,ASSISTANT LIBRARIAN 15,55126,6,0,173
LIBRARY,ASSISTANT LIBRARIAN 15,56632,7,0,174
LIBRARY,ASSISTANT LIBRARIAN 15,57745,8,0,175
LIBRARY,ASSISTANT LIBRARIAN 15,59104,9,0,176
LIBRARY,ASSISTANT LIBRARIAN 1,60468,10,0,177
LIBRARY,ASSISTANT LIBRARIAN 1,61415,11,0,178
LIBRARY,ASSISTANT LIBRARIAN 1,62371,12,0,179
LIBRARY,ASSISTANT LIBRARIAN 1,64409,13,0,180
LIBRARY,ASSISTANT LIBRARIAN 1,66805,14,0,181
LIBRARY,ASSISTANT LIBRARIAN 1,69293,15,0,182
LIBRARY,SENIOR LIBRARY ASSISTANT,39337,1,0,183
LIBRARY,SENIOR LIBRARY ASSISTANT,39808,2,0,184
LIBRARY,SENIOR LIBRARY ASSISTANT,40882,3,0,185
LIBRARY,SENIOR LIBRARY ASSISTANT,41881,4,0,186
LIBRARY,SENIOR LIBRARY ASSISTANT,42439,5,0,187
LIBRARY,SENIOR LIBRARY ASSISTANT,44325,6,0,188
LIBRARY,SENIOR LIBRARY ASSISTANT,45156,7,0,189
LIBRARY,SENIOR LIBRARY ASSISTANT,46242,8,0,190
LIBRARY,SENIOR LIBRARY ASSISTANT,47587,9,0,191
LIBRARY,SENIOR LIBRARY ASSISTANT,48932,10,0,192
LIBRARY,SENIOR LIBRARY ASSISTANT,50539,11,0,193
LIBRARY,SENIOR LIBRARY ASSISTANT,51945,12,0,194
LIBRARY,SENIOR LIBRARY ASSISTANT,53657,13,0,195
LIBRARY,LIBRARY ASSISTANT,33703,1,0,196
LIBRARY,LIBRARY ASSISTANT,35429,2,0,197
LIBRARY,LIBRARY ASSISTANT,36934,3,0,198
LIBRARY,LIBRARY ASSISTANT,37881,4,0,199
LIBRARY,LIBRARY ASSISTANT,39133,5,0,200
LIBRARY,LIBRARY ASSISTANT,40055,6,0,201
LIBRARY,LIBRARY ASSISTANT,41318,7,0,202
LIBRARY,LIBRARY ASSISTANT,43868,8,0,203
LIBRARY,LIBRARY ASSISTANT,45138,9,0,204
LIBRARY,LIBRARY ASSISTANT,45798,10,0,205
LIBRARY,LIBRARY ATTENDANT,33403,1,0,206
LIBRARY,LIBRARY ATTENDANT,34054,2,0,207
LIBRARY,LIBRARY ATTENDANT,36605,3,0,208
LIBRARY,LIBRARY ATTENDANT,36966,4,0,209
LIBRARY,LIBRARY ATTENDANT,36989,5,0,210
LIBRARY,LIBRARY ATTENDANT,37352,6,0,211
LIBRARY,LIBRARY ATTENDANT,37714,7,0,212
LIBRARY,LIBRARY ATTENDANT,38072,8,0,213
LIBRARY,LIBRARY ATTENDANT,38428,9,0,214
LIBRARY,LIBRARY ATTENDANT,38443,10,0,215
LIBRARY,LIBRARY ATTENDANT,38970,11,0,216
LIBRARY,LIBRARY ATTENDANT,39512,12,0,217
LIBRARY,LIBRARY ATTENDANT,40039,13,0,218
LIBRARY,LIBRARY ATTENDANT,40230,14,0,219
INFORMATION TECHNOLOGY,ANALYST PROGRAMMER 3 ,67132,1,0,220
INFORMATION TECHNOLOGY,ANALYST PROGRAMMER 3 ,79088,2,0,221
INFORMATION TECHNOLOGY,ANALYST PROGRAMMER 3 ,82103,3,0,222
INFORMATION TECHNOLOGY,ANALYST PROGRAMMER 3 ,86389,4,0,223
INFORMATION TECHNOLOGY,ANALYST PROGRAMMER 3 ,90697,5,0,224
INFORMATION TECHNOLOGY,ANALYST PROGRAMMER 3 ,95004,6,0,225
INFORMATION TECHNOLOGY,ANALYST PROGRAMMER 3 ,99296,7,0,226
INFORMATION TECHNOLOGY,ANALYST PROGRAMMER 4,103583,8,0,227
INFORMATION TECHNOLOGY,ANALYST PROGRAMMER 5,107875,9,0,228
INFORMATION TECHNOLOGY,ANALYST PROGRAMMER 2,53677,1,0,229
INFORMATION TECHNOLOGY,ANALYST PROGRAMMER 2,55287,2,0,230
INFORMATION TECHNOLOGY,ANALYST PROGRAMMER 2,56903,3,0,231
INFORMATION TECHNOLOGY,ANALYST PROGRAMMER 2,58501,4,0,232
INFORMATION TECHNOLOGY,ANALYST PROGRAMMER 2,60116,5,0,233
INFORMATION TECHNOLOGY,ANALYST PROGRAMMER 2,61717,6,0,234
INFORMATION TECHNOLOGY,ANALYST PROGRAMMER 2,64375,7,0,235
INFORMATION TECHNOLOGY,ANALYST PROGRAMMER 2,66805,8,0,236
INFORMATION TECHNOLOGY,ANALYST PROGRAMMER 2,69293,9,0,237
INFORMATION TECHNOLOGY,ANALYST PROGRAMMER 1,42012,1,0,238
INFORMATION TECHNOLOGY,ANALYST PROGRAMMER 1,44629,2,0,239
INFORMATION TECHNOLOGY,ANALYST PROGRAMMER 1,46172,3,0,240
INFORMATION TECHNOLOGY,ANALYST PROGRAMMER 1,47611,4,0,241
INFORMATION TECHNOLOGY,ANALYST PROGRAMMER 1,49079,5,0,242
INFORMATION TECHNOLOGY,ANALYST PROGRAMMER 1,50543,6,0,243
INFORMATION TECHNOLOGY,ANALYST PROGRAMMER 1,52039,7,0,244
INFORMATION TECHNOLOGY,ANALYST PROGRAMMER 1,53562,8,0,245
INFORMATION TECHNOLOGY,ANALYST PROGRAMMER 1,56116,9,0,246
INFORMATION TECHNOLOGY,ANALYST PROGRAMMER 1,58164,10,0,247
INFORMATION TECHNOLOGY,SENIOR COMPUTER OPERATOR,42214,1,0,248
INFORMATION TECHNOLOGY,SENIOR COMPUTER OPERATOR,43823,2,0,249
INFORMATION TECHNOLOGY,SENIOR COMPUTER OPERATOR,45475,3,0,250
INFORMATION TECHNOLOGY,SENIOR COMPUTER OPERATOR,46768,4,0,251
INFORMATION TECHNOLOGY,SENIOR COMPUTER OPERATOR,48067,5,0,252
INFORMATION TECHNOLOGY,SENIOR COMPUTER OPERATOR,49369,6,0,253
INFORMATION TECHNOLOGY,SENIOR COMPUTER OPERATOR,50686,7,0,254
INFORMATION TECHNOLOGY,SENIOR COMPUTER OPERATOR,51968,8,0,255
INFORMATION TECHNOLOGY,SENIOR COMPUTER OPERATOR,53657,9,0,256
INFORMATION TECHNOLOGY,SENIOR COMPUTER OPERATOR,55570,10,0,257
INFORMATION TECHNOLOGY, COMPUTER OPERATOR,33403,1,0,258
INFORMATION TECHNOLOGY, COMPUTER OPERATOR,35114,2,0,259
INFORMATION TECHNOLOGY, COMPUTER OPERATOR,36604,3,0,260
INFORMATION TECHNOLOGY, COMPUTER OPERATOR,37881,4,0,261
INFORMATION TECHNOLOGY, COMPUTER OPERATOR,39133,5,0,262
INFORMATION TECHNOLOGY, COMPUTER OPERATOR,40054,6,0,263
INFORMATION TECHNOLOGY, COMPUTER OPERATOR,41318,7,0,264
INFORMATION TECHNOLOGY, COMPUTER OPERATOR,42586,8,0,265
INFORMATION TECHNOLOGY, COMPUTER OPERATOR,43868,9,0,266
INFORMATION TECHNOLOGY, COMPUTER OPERATOR,45138,10,0,267
INFORMATION TECHNOLOGY,PRINT OPERATOR 2,31238,1,0,268
INFORMATION TECHNOLOGY,PRINT OPERATOR 2,32320,2,0,269
INFORMATION TECHNOLOGY,PRINT OPERATOR 2,33844,3,0,270
INFORMATION TECHNOLOGY,PRINT OPERATOR 2,35403,4,0,271
INFORMATION TECHNOLOGY,PRINT OPERATOR 2,36946,5,0,272
INFORMATION TECHNOLOGY,PRINT OPERATOR 2,38331,6,0,273
INFORMATION TECHNOLOGY,PRINT OPERATOR 2,39365,7,0,274
INFORMATION TECHNOLOGY,PRINT OPERATOR 2,40749,8,0,275
INFORMATION TECHNOLOGY,PRINT OPERATOR 2,42093,9,0,276
INFORMATION TECHNOLOGY,PRINT OPERATOR 2,43223,10,0,277
INFORMATION TECHNOLOGY,PRINT OPERATOR 2,44373,11,0,278
INFORMATION TECHNOLOGY,PRINT OPERATOR 1,29021,1,0,279
INFORMATION TECHNOLOGY,PRINT OPERATOR 1,30996,2,0,280
INFORMATION TECHNOLOGY,PRINT OPERATOR 1,31738,3,0,281
INFORMATION TECHNOLOGY,PRINT OPERATOR 1,32768,4,0,282
INFORMATION TECHNOLOGY,PRINT OPERATOR 1,34232,5,0,283
INFORMATION TECHNOLOGY,PRINT OPERATOR 1,35719,6,0,284
INFORMATION TECHNOLOGY,PRINT OPERATOR 1,37208,7,0,285
INFORMATION TECHNOLOGY,PRINT OPERATOR 1,38553,8,0,286
INFORMATION TECHNOLOGY,COMPUTER LAB ATTENDANT,33403,1,0,287
INFORMATION TECHNOLOGY,COMPUTER LAB ATTENDANT,34543,2,0,288
INFORMATION TECHNOLOGY,COMPUTER LAB ATTENDANT,36605,3,0,289
INFORMATION TECHNOLOGY,COMPUTER LAB ATTENDANT,36967,4,0,290
INFORMATION TECHNOLOGY,COMPUTER LAB ATTENDANT,36987,5,0,291
INFORMATION TECHNOLOGY,COMPUTER LAB ATTENDANT,37353,6,0,292
INFORMATION TECHNOLOGY,COMPUTER LAB ATTENDANT,37714,7,0,293
INFORMATION TECHNOLOGY,COMPUTER LAB ATTENDANT,38072,8,0,294
INFORMATION TECHNOLOGY,COMPUTER LAB ATTENDANT,38428,9,0,295
INFORMATION TECHNOLOGY,TEMPORARY COMPUTER ASSISTANT,33403,1,0,296
INFORMATION TECHNOLOGY,TEMPORARY COMPUTER ASSISTANT,34543,2,0,297
INFORMATION TECHNOLOGY,TEMPORARY COMPUTER ASSISTANT,36605,3,0,298
INFORMATION TECHNOLOGY,TEMPORARY COMPUTER ASSISTANT,36967,4,0,299
INFORMATION TECHNOLOGY,TEMPORARY COMPUTER ASSISTANT,36987,5,0,300
INFORMATION TECHNOLOGY,TEMPORARY COMPUTER ASSISTANT,37353,6,0,301
INFORMATION TECHNOLOGY,TEMPORARY COMPUTER ASSISTANT,37714,7,0,302
INFORMATION TECHNOLOGY,TEMPORARY COMPUTER ASSISTANT,38072,8,0,303
INFORMATION TECHNOLOGY,TEMPORARY COMPUTER ASSISTANT,38428,9,0,304
TECHNICAL,CHIEF TECHNICAL OFFICER,64838,1,0,305
TECHNICAL,CHIEF TECHNICAL OFFICER,67536,2,0,306
TECHNICAL,CHIEF TECHNICAL OFFICER,70205,3,0,307
TECHNICAL,CHIEF TECHNICAL OFFICER,72948,4,0,308
TECHNICAL,CHIEF TECHNICAL OFFICER,75821,5,0,309
TECHNICAL,CHIEF TECHNICAL OFFICER,78621,6,0,310
TECHNICAL, TECHNICAL OFFICER,39828,1,0,311
TECHNICAL, TECHNICAL OFFICER,41606,2,0,312
TECHNICAL, TECHNICAL OFFICER,43745,3,0,313
TECHNICAL, TECHNICAL OFFICER,45033,4,0,314
TECHNICAL, TECHNICAL OFFICER,46408,5,0,315
TECHNICAL, TECHNICAL OFFICER,49325,6,0,316
TECHNICAL, TECHNICAL OFFICER,51251,7,0,317
TECHNICAL, TECHNICAL OFFICER,53228,8,0,318
TECHNICAL, TECHNICAL OFFICER,55376,9,0,319
TECHNICAL, TECHNICAL OFFICER,57459,10,0,320
TECHNICAL,SENIOR  TECHNICAL OFFICER,60654,11,0,321
TECHNICAL,SENIOR  TECHNICAL OFFICER,62799,12,0,322
TECHNICAL,SENIOR TECHNICAL OFFICER,65107,13,0,323
TECHNICAL,SENIOR TECHNICAL OFFICER,67470,14,0,324
TECHNICAL,SENIOR TECHNICAL OFFICER,69827,15,0,325
TECHNICAL,SENIOR TECHNICAL OFFICER,71290,16,0,326
TECHNICAL,SENIOR LAB ATTENDANT,38443,1,0,327
TECHNICAL,SENIOR LAB ATTENDANT,38970,2,0,328
TECHNICAL,SENIOR LAB ATTENDANT,39512,3,0,329
TECHNICAL,SENIOR LAB ATTENDANT,40040,4,0,330
TECHNICAL,SENIOR LAB ATTENDANT,40229,5,0,331
TECHNICAL,LABRATORY ATTENDANT,33403,1,0,332
TECHNICAL,LABRATORY ATTENDANT,34543,2,0,333
TECHNICAL,LABRATORY ATTENDANT,36604,3,0,334
TECHNICAL,LABRATORY ATTENDANT,36966,4,0,335
TECHNICAL,LABRATORY ATTENDANT,36989,5,0,336
TECHNICAL,LABRATORY ATTENDANT,37352,6,0,337
TECHNICAL,LABRATORY ATTENDANT,37714,7,0,338
TECHNICAL,LABRATORY ATTENDANT,38072,8,0,339
TECHNICAL,LABRATORY ATTENDANT,38429,9,0,340
SERVICE STAFF,SEN PORTER/ATTENDANT,41472,1,0,341
SERVICE STAFF,SEN PORTER/ATTENDANT,41678,2,0,342
SERVICE STAFF,SEN PORTER/ATTENDANT,41873,3,0,343
SERVICE STAFF,SEN PORTER/ATTENDANT,41984,4,0,344
SERVICE STAFF,SEN PORTER/ATTENDANT,42103,5,0,345
SERVICE STAFF,SEN PORTER/ATTENDANT,42213,6,0,346
SERVICE STAFF,SEN PORTER/ATTENDANT,42325,7,0,347
SERVICE STAFF,SEN PORTER/ATTENDANT,42445,8,0,348
SERVICE STAFF,SEN PORTER/ATTENDANT,42563,9,0,349
SERVICE STAFF,SEN PORTER/ATTENDANT,42689,10,0,350
SERVICE STAFF,SEN PORTER/ATTENDANT,42813,11,0,351
SERVICE STAFF,SEN PORTER/ATTENDANT,42936,12,0,352
SERVICE STAFF,SEN PORTER/ATTENDANT,43069,13,0,353
SERVICE STAFF,PORTER/ATTENDANT,36456,1,0,354
SERVICE STAFF,PORTER/ATTENDANT,37227,2,0,355
SERVICE STAFF,PORTER/ATTENDANT,39454,3,0,356
SERVICE STAFF,PORTER/ATTENDANT,39644,4,0,357
SERVICE STAFF,PORTER/ATTENDANT,39821,5,0,358
SERVICE STAFF,PORTER/ATTENDANT,39919,6,0,359
SERVICE STAFF,PORTER/ATTENDANT,40032,7,0,360
SERVICE STAFF,PORTER/ATTENDANT,40032,8,0,361
SERVICE STAFF,PORTER/ATTENDANT,40032,9,0,362
SERVICE STAFF,PORTER/ATTENDANT,40032,10,0,363
SERVICE STAFF,PORTER/ATTENDANT,40099,11,0,364
SERVICE STAFF,PORTER/ATTENDANT,40214,12,0,365
SERVICE STAFF,PORTER/ATTENDANT,40327,13,0,366
SERVICE STAFF,PORTER/ATTENDANT,40440,14,0,367
SERVICE STAFF,PORTER/ATTENDANT,40552,15,0,368
SERVICE STAFF,GROUNDS SUPERVISOR,40712,1,0,369
SERVICE STAFF,GROUNDS SUPERVISOR,40895,2,0,370
SERVICE STAFF,GROUNDS SUPERVISOR,41086,3,0,371
SERVICE STAFF,GROUNDS SUPERVISOR,41188,4,0,372
SERVICE STAFF,GROUNDS SUPERVISOR,41295,5,0,373
SERVICE STAFF,GROUNDS SUPERVISOR,41402,6,0,374
SERVICE STAFF,GROUNDS SUPERVISOR,41498,7,0,375
SERVICE STAFF,GROUNDS SUPERVISOR,41609,8,0,376
SERVICE STAFF,GROUNDS SUPERVISOR,41720,9,0,377
SERVICE STAFF,GROUNDS SUPERVISOR,41828,10,0,378
SERVICE STAFF,GROUNDS SUPERVISOR,41944,11,0,379
SERVICE STAFF,GROUNDS SUPERVISOR,42060,12,0,380
SERVICE STAFF,GROUNDS SUPERVISOR,42165,13,0,381
SERVICE STAFF,GROUNDSWORKPERSON,35063,1,0,382
SERVICE STAFF,GROUNDSWORKPERSON,35795,2,0,383
SERVICE STAFF,GROUNDSWORKPERSON,38451,3,0,384
SERVICE STAFF,GROUNDSWORKPERSON,38637,4,0,385
SERVICE STAFF,GROUNDSWORKPERSON,38810,5,0,386
SERVICE STAFF,GROUNDSWORKPERSON,38906,6,0,387
SERVICE STAFF,GROUNDSWORKPERSON,39009,7,0,388
SERVICE STAFF,GROUNDSWORKPERSON,39104,8,0,389
SERVICE STAFF,GROUNDSWORKPERSON,39206,9,0,390
SERVICE STAFF,GROUNDSWORKPERSON,39304,10,0,391
SERVICE STAFF,GROUNDSWORKPERSON,39415,11,0,392
SERVICE STAFF,GROUNDSWORKPERSON,39522,12,0,393
SERVICE STAFF,GROUNDSWORKPERSON,39632,13,0,394
SERVICE STAFF,GROUNDSWORKPERSON,39744,14,0,395
SERVICE STAFF,GROUNDSWORKPERSON,39861,15,0,396
SERVICE STAFF,SENIOR AIDE,40827,1,0,397
SERVICE STAFF,SENIOR AIDE,41026,2,0,398
SERVICE STAFF,SENIOR AIDE,41209,3,0,399
SERVICE STAFF,SENIOR AIDE,41317,4,0,400
SERVICE STAFF,SENIOR AIDE,41420,5,0,401
SERVICE STAFF,SENIOR AIDE,41534,6,0,402
SERVICE STAFF,SENIOR AIDE,41635,7,0,403
SERVICE STAFF,SENIOR AIDE,41745,8,0,404
SERVICE STAFF,SENIOR AIDE,41859,9,0,405
SERVICE STAFF,SENIOR AIDE,41975,10,0,406
SERVICE STAFF,SENIOR AIDE,42089,11,0,407
SERVICE STAFF,SENIOR AIDE,42206,12,0,408
SERVICE STAFF,SENIOR AIDE,42318,13,0,409
SERVICE STAFF,GROUNDSWORKPERSON MACHINE ATTENDANT,35829,1,0,410
SERVICE STAFF,GROUNDSWORKPERSON MACHINE ATTENDANT,36585,2,0,411
SERVICE STAFF,GROUNDSWORKPERSON MACHINE ATTENDANT,39300,3,0,412
SERVICE STAFF,GROUNDSWORKPERSON MACHINE ATTENDANT,39493,4,0,413
SERVICE STAFF,GROUNDSWORKPERSON MACHINE ATTENDANT,39671,5,0,414
SERVICE STAFF,GROUNDSWORKPERSON MACHINE ATTENDANT,39864,6,0,415
SERVICE STAFF,GROUNDSWORKPERSON MACHINE ATTENDANT,39874,7,0,416
SERVICE STAFF,GROUNDSWORKPERSON MACHINE ATTENDANT,39979,8,0,417
SERVICE STAFF,GROUNDSWORKPERSON MACHINE ATTENDANT,40085,9,0,418
SERVICE STAFF,GROUNDSWORKPERSON MACHINE ATTENDANT,40085,10,0,419
SERVICE STAFF,GROUNDSWORKPERSON MACHINE ATTENDANT,40085,11,0,420
SERVICE STAFF,GROUNDSWORKPERSON MACHINE ATTENDANT,40085,12,0,421
SERVICE STAFF,GROUNDSWORKPERSON MACHINE ATTENDANT,40172,13,0,422
SERVICE STAFF,GROUNDSWORKPERSON MACHINE ATTENDANT,40286,14,0,423
SERVICE STAFF,GROUNDSWORKPERSON MACHINE ATTENDANT,40401,15,0,424
SERVICE STAFF,SERVICE STAFF,35974,1,0,425
SERVICE STAFF,SERVICE STAFF,36736,2,0,426
SERVICE STAFF,SERVICE STAFF,39461,3,0,427
SERVICE STAFF,SERVICE STAFF,39657,4,0,428
SERVICE STAFF,SERVICE STAFF,39836,5,0,429
SERVICE STAFF,SERVICE STAFF,39933,6,0,430
SERVICE STAFF,SERVICE STAFF,40040,7,0,431
SERVICE STAFF,SERVICE STAFF,40040,8,0,432
SERVICE STAFF,SERVICE STAFF,40040,9,0,433
SERVICE STAFF,SERVICE STAFF,40040,10,0,434
SERVICE STAFF,SERVICE STAFF,40113,11,0,435
SERVICE STAFF,SERVICE STAFF,40226,12,0,436
SERVICE STAFF,SERVICE STAFF,40336,13,0,437
SERVICE STAFF,SERVICE STAFF,40451,14,0,438
SERVICE STAFF,SERVICE STAFF,40566,15,0,439
SERVICE STAFF,SERVICE STAFF SHIFT,37129,1,0,440
SERVICE STAFF,SERVICE STAFF SHIFT,37898,2,0,441
SERVICE STAFF,SERVICE STAFF SHIFT,40388,3,0,442
SERVICE STAFF,SERVICE STAFF SHIFT,40578,4,0,443
SERVICE STAFF,SERVICE STAFF SHIFT,40761,5,0,444
SERVICE STAFF,SERVICE STAFF SHIFT,40861,6,0,445
SERVICE STAFF,SERVICE STAFF SHIFT,40973,7,0,446
SERVICE STAFF,SERVICE STAFF SHIFT,41074,8,0,447
SERVICE STAFF,SERVICE STAFF SHIFT,41179,9,0,448
SERVICE STAFF,SERVICE STAFF SHIFT,41284,10,0,449
SERVICE STAFF,SERVICE STAFF SHIFT,41392,11,0,450
SERVICE STAFF,SERVICE STAFF SHIFT,41506,12,0,451
SERVICE STAFF,SERVICE STAFF SHIFT,41613,13,0,452
SERVICE STAFF,SERVICE STAFF SHIFT,41733,14,0,453
SERVICE STAFF,SERVICE STAFF SHIFT,41846,15,0,454
SERVICE STAFF,PLANT MAINTENANCE AIDE,40053,1,0,455
SERVICE STAFF,PLANT MAINTENANCE AIDE,43995,2,0,456
SERVICE STAFF,GROUNDS FOREPERSON,49333,1,0,457
SERVICE STAFF,GROUNDS FOREPERSON,50369,2,0,458
SERVICE STAFF,GROUNDS FOREPERSON,51204,3,0,459
SERVICE STAFF,GROUNDS FOREPERSON,52137,4,0,460
SERVICE STAFF,GROUNDS FOREPERSON,53117,5,0,461
SERVICE STAFF,GROUNDS FOREPERSON,54078,6,0,462
TEACHERS,TEACHING FELLOW,62069,1,0,463
TEACHERS,TEACHING FELLOW,73092,2,0,464
TEACHERS,TEACHING FELLOW,77007,3,0,465
TEACHERS,TEACHING FELLOW,79703,4,0,466
TEACHERS,TEACHING FELLOW,83634,5,0,467
TEACHERS,TEACHING FELLOW,87605,6,0,468
TEACHERS,TEACHING FELLOW,91562,7,0,469
TEACHERS,TEACHING FELLOW,95514,8,0,470
TEACHERS,TEACHING FELLOW,99471,9,0,471
TEACHERS,UNIVERSITY TEACHER,46955,1,0,472
TEACHERS,UNIVERSITY TEACHER,49543,2,0,473
TEACHERS,UNIVERSITY TEACHER,51676,3,0,474
TEACHERS,UNIVERSITY TEACHER,53644,4,0,475
TEACHERS,UNIVERSITY TEACHER,55689,5,0,476
TEACHERS,UNIVERSITY TEACHER,57323,6,0,477
TEACHERS,UNIVERSITY TEACHER,58990,7,0,478
TEACHERS,UNIVERSITY TEACHER,60654,8,0,479
TEACHERS,UNIVERSITY TEACHER,62314,9,0,480
TEACHERS,UNIVERSITY TEACHER,63965,10,0,481
TEACHERS,ASSOCIATE TEACHER,37008,1,0,482
TEACHERS,ASSOCIATE TEACHER,39126,2,0,483
TEACHERS,ASSOCIATE TEACHER,40060,3,0,484
TEACHERS,ASSOCIATE TEACHER,41945,4,0,485
TEACHERS,ASSOCIATE TEACHER,43130,5,0,486
TEACHERS,ASSOCIATE TEACHER,44464,6,0,487
TEACHERS,ASSOCIATE TEACHER,45716,7,0,488
TEACHERS,ASSOCIATE TEACHER,46978,8,0,489
TEACHERS,ASSOCIATE TEACHER,47948,9,0,490
TEACHERS,ASSOCIATE TEACHER,50419,10,0,491
CLINICAL,THERAPIES REGIONAL SUPERVISORS REGIONAL PLACEMENT FACILITATOR,62038,1,0,492
CLINICAL,THERAPIES REGIONAL SUPERVISORS REGIONAL PLACEMENT FACILITATOR,63360,2,0,493
CLINICAL,THERAPIES REGIONAL SUPERVISORS REGIONAL PLACEMENT FACILITATOR,64724,3,0,494
CLINICAL,THERAPIES REGIONAL SUPERVISORS REGIONAL PLACEMENT FACILITATOR,66076,4,0,495
CLINICAL,THERAPIES REGIONAL SUPERVISORS REGIONAL PLACEMENT FACILITATOR,67430,5,0,496
CLINICAL,THERAPIES REGIONAL SUPERVISORS REGIONAL PLACEMENT FACILITATOR,68853,6,0,497
CLINICAL,THERAPIES REGIONAL SUPERVISORS REGIONAL PLACEMENT FACILITATOR,70352,7,0,498
CLINICAL,THERAPIES REGIONAL SUPERVISORS REGIONAL PLACEMENT FACILITATOR,71848,8,0,499
CLINICAL,THERAPIES REGIONAL SUPERVISORS REGIONAL PLACEMENT FACILITATOR,73048,9,0,500
CLINICAL,CLINICAL TUTOR,66452,1,0,501
CLINICAL,CLINICAL TUTOR,69009,2,0,502
CLINICAL,CLINICAL TUTOR,71509,3,0,503
CLINICAL,CLINICAL TUTOR,73344,4,0,504
CLINICAL,CLINICAL TUTOR,75794,5,0,505
CLINICAL,CLINICAL TUTOR,78252,6,0,506
CLINICAL,CLINICAL FELLOW,74499,1,0,507
CLINICAL,CLINICAL FELLOW,76258,2,0,508
CLINICAL,CLINICAL FELLOW,78804,3,0,509
CLINICAL,CLINICAL FELLOW,81095,4,0,510
CLINICAL,CLINICAL FELLOW,84824,5,0,511
CLINICAL,CLINICAL FELLOW,88562,6,0,512
CLINICAL,CLINICAL FELLOW,92294,7,0,513
